id,match_x,match_y
loc.ark+=13960=t01z4nt6s,446.96484,164.14925
loc.ark+=13960=t03x8rr1h,484.02557,44.95025
loc.ark+=13960=t03x90n1f,498.136144887218,132.330840639098
loc.ark+=13960=t04x5xs16,477.450583,102.1775434
loc.ark+=13960=t08w3hq6w,249.52077,38.80597
loc.ark+=13960=t08w41t1d,446.96484,164.14925
loc.ark+=13960=t09w16247,477.450583,102.1775434
loc.ark+=13960=t0gt6767n,484.02557,44.95025
loc.ark+=13960=t0ht34f86,477.450583,102.1775434
loc.ark+=13960=t0jt0g540,477.450583,102.1775434
loc.ark+=13960=t0ks75410,485.834151666667,41.223756
loc.ark+=13960=t0ms4bn5w,487.85944,41.263683
loc.ark+=13960=t0ms4bq9q,477.450583,102.1775434
loc.ark+=13960=t0ms4gw1r,486.58148,86.116917
loc.ark+=13960=t0ns16j33,423.96167,119.910448
loc.ark+=13960=t0qr59q0x,482.200714298246,60.5237433245614
loc.ark+=13960=t0tq6154b,249.52077,38.80597
loc.ark+=13960=t0tq6j58g,484.02557,44.95025
loc.ark+=13960=t0tq6nf0f,477.450583,102.1775434
loc.ark+=13960=t0vq3q15g,480.191696,133.4278594
loc.ark+=13960=t13n2mh9t,477.450583,102.1775434
loc.ark+=13960=t15m6v11c,487.85944,41.263683
loc.ark+=13960=t15m6z72s,477.450583,102.1775434
loc.ark+=13960=t15m6zs4x,477.450583,102.1775434
loc.ark+=13960=t16m3w001,484.02557,44.95025
loc.ark+=13960=t17m0ww4s,484.02557,44.95025
loc.ark+=13960=t18k81j8w,446.96484,164.14925
loc.ark+=13960=t1bk1tj10,487.85944,41.263683
loc.ark+=13960=t1bk20d7j,446.96484,164.14925
loc.ark+=13960=t1bk2450p,477.450583,102.1775434
loc.ark+=13960=t1cj96k9v,446.96484,164.14925
loc.ark+=13960=t1hh78q7n,477.450583,102.1775434
loc.ark+=13960=t1kh19k83,477.450583,102.1775434
loc.ark+=13960=t1mg82w7c,446.96484,164.14925
loc.ark+=13960=t1pg26z78,485.9425,47.40796
loc.ark+=13960=t1pg29c7w,487.85944,41.263683
loc.ark+=13960=t1qf9fs5k,473.80191,127.8980125
loc.ark+=13960=t1zc85578,249.52077,38.80597
loc.ark+=13960=t1zc8jn35,484.02557,44.95025
loc.ark+=13960=t20c5qh4c,480.191696,133.4278594
loc.ark+=13960=t22b9sz6s,492.019222693548,80.9280137247312
loc.ark+=13960=t2988vk4t,484.02557,44.95025
loc.ark+=13960=t2988xm05,498.136144887218,132.330840639098
loc.ark+=13960=t2c82x89c,487.85944,41.263683
loc.ark+=13960=t2c833t52,487.85944,41.263683
loc.ark+=13960=t2d79z74j,484.02557,44.95025
loc.ark+=13960=t2f76zz82,477.450583,102.1775434
loc.ark+=13960=t2g746f3c,487.85944,41.263683
loc.ark+=13960=t2j67z488,487.85944,41.263683
loc.ark+=13960=t2k64zh8c,188.503134916667,174.775261020833
loc.ark+=13960=t2m62825c,477.450583,102.1775434
loc.ark+=13960=t2p569z95,477.450583,102.1775434
loc.ark+=13960=t2r503c40,446.96484,164.14925
loc.ark+=13960=t2v41bv9j,484.02557,44.95025
loc.ark+=13960=t2v41bx1k,477.450583,102.1775434
loc.ark+=13960=t2v41cn79,482.200714298246,60.5237433245614
loc.ark+=13960=t2w38cn0j,446.96484,164.14925
loc.ark+=13960=t2x35903t,485.623015,52.9378115
loc.ark+=13960=t3126mz4t,477.450583,102.1775434
loc.ark+=13960=t3223dq7t,485.623015,52.9378115
loc.ark+=13960=t3223hp26,485.834151666667,41.223756
loc.ark+=13960=t3320k68t,477.450583,102.1775434
loc.ark+=13960=t3417kt71,446.96484,164.14925
loc.ark+=13960=t3902xm7s,477.450583,102.1775434
loc.ark+=13960=t39z9wt3f,477.450583,102.1775434
loc.ark+=13960=t3gx4z93v,477.450583,102.1775434
loc.ark+=13960=t3qv4b444,193.115023333333,68.7081266666667
loc.ark+=13960=t3rv14c5f,479.90466,90.845433
loc.ark+=13960=t3vt28p72,484.02557,44.95025
loc.ark+=13960=t3ws98b76,486.00742,40.889866
loc.ark+=13960=t3ws9f77x,477.450583,102.1775434
loc.ark+=13960=t3ws9h064,477.450583,102.1775434
loc.ark+=13960=t3zs36x2x,477.450583,102.1775434
loc.ark+=13960=t3zs3dz8r,482.200714298246,60.5237433245614
loc.ark+=13960=t40s07f8d,477.450583,102.1775434
loc.ark+=13960=t45q5m79h,484.025555,87.03855775
loc.ark+=13960=t4bp09p12,249.52077,38.80597
loc.ark+=13960=t4dn4pt2p,485.834151666667,41.223756
loc.ark+=13960=t4fn1rm1h,484.517685,38.6624395
loc.ark+=13960=t4hm60m1k,482.7476,13
loc.ark+=13960=t4hm61s17,477.450583,102.1775434
loc.ark+=13960=t4kk9sr0t,477.450583,102.1775434
loc.ark+=13960=t4mk6z748,477.450583,102.1775434
loc.ark+=13960=t4pk14672,477.450583,102.1775434
loc.ark+=13960=t4rj55m27,484.02557,44.95025
loc.ark+=13960=t4sj2047g,482.200714298246,60.5237433245614
loc.ark+=13960=t4sj22k4p,484.517685,38.6624395
loc.ark+=13960=t4th9845f,477.450583,102.1775434
loc.ark+=13960=t4th9899m,477.450583,102.1775434
loc.ark+=13960=t4vh6bb8k,484.025576666667,49.4560543333333
loc.ark+=13960=t4wh3b05t,477.450583,102.1775434
loc.ark+=13960=t4xh0br0f,477.450583,102.1775434
loc.ark+=13960=t52f86450,446.96484,164.14925
loc.ark+=13960=t52f87d4h,477.450583,102.1775434
loc.ark+=13960=t52f8g111,477.450583,102.1775434
loc.ark+=13960=t53f4vc68,95.0427498627451,92.5838117431373
loc.ark+=13960=t53f5d318,484.02557,44.95025
loc.ark+=13960=t53f5gx5s,498.72205,139.57214
loc.ark+=13960=t53f5hx56,479.90466,90.845433
loc.ark+=13960=t54f2fq0f,127.744935333333,114.134378333333
loc.ark+=13960=t55d9k225,477.450583,102.1775434
loc.ark+=13960=t59c7d462,487.85944,41.263683
loc.ark+=13960=t59c7pf8c,477.450583,102.1775434
loc.ark+=13960=t5bc4gc3r,477.450583,102.1775434
loc.ark+=13960=t5bc4nw60,482.200714298246,60.5237433245614
loc.ark+=13960=t5cc1h811,477.450583,102.1775434
loc.ark+=13960=t5h99rj6h,484.02557,44.95025
loc.ark+=13960=t5k93v46q,446.96484,164.14925
loc.ark+=13960=t5p851c2b,498.136144887218,132.330840639098
loc.ark+=13960=t5q81df8g,95.0427498627451,92.5838117431373
loc.ark+=13960=t5q81zb0w,477.450583,102.1775434
loc.ark+=13960=t5t73584r,477.450583,102.1775434
loc.ark+=13960=t5v69z723,175.13579,49.865672
loc.ark+=13960=t5w67702t,477.450583,102.1775434
loc.ark+=13960=t5x648b6t,498.136144887218,132.330840639098
loc.ark+=13960=t5z614k50,485.834151666667,41.223756
loc.ark+=13960=t5z618n23,498.136144887218,132.330840639098
loc.ark+=13960=t6737d86r,484.02557,44.95025
loc.ark+=13960=t6737h09v,479.014297142857,112.132809142857
loc.ark+=13960=t6834db0x,485.834151666667,41.223756
loc.ark+=13960=t6834jn70,477.450583,102.1775434
loc.ark+=13960=t6d22f329,477.450583,102.1775434
loc.ark+=13960=t6d22r13m,477.450583,102.1775434
loc.ark+=13960=t6f19kg11,477.450583,102.1775434
loc.ark+=13960=t6g16h27w,122.4480925,43.4141795
loc.ark+=13960=t6g16md64,477.450583,102.1775434
loc.ark+=13960=t6g16mj7d,484.02557,44.95025
loc.ark+=13960=t6n01wp1x,477.450583,102.1775434
loc.ark+=13960=t6nz8z914,103.04675547619,55.4688920238095
loc.ark+=13960=t6pz5v76k,477.450583,102.1775434
loc.ark+=13960=t6pz5wb9s,482.200714298246,60.5237433245614
loc.ark+=13960=t6pz60z23,477.450583,102.1775434
loc.ark+=13960=t6qz2m076,485.58671,54.57506875
loc.ark+=13960=t6qz2pw66,477.450583,102.1775434
loc.ark+=13960=t6tx3z57j,477.450583,102.1775434
loc.ark+=13960=t6vx10307,446.96484,164.14925
loc.ark+=13960=t6xw55h4d,477.450583,102.1775434
loc.ark+=13960=t6zw2312h,446.96484,164.14925
loc.ark+=13960=t6zw28b90,485.623015,52.9378115
loc.ark+=13960=t70v8xt85,485.834151666667,41.223756
loc.ark+=13960=t73v02z4k,482.200714298246,60.5237433245614
loc.ark+=13960=t73v0b266,477.450583,102.1775434
loc.ark+=13960=t74t7bz0k,477.450583,102.1775434
loc.ark+=13960=t77s89x2n,446.96484,164.14925
loc.ark+=13960=t77s89z3k,477.450583,102.1775434
loc.ark+=13960=t7br9925v,498.136144887218,132.330840639098
loc.ark+=13960=t7gq7d91f,482.200714298246,60.5237433245614
loc.ark+=13960=t7gq7j96h,484.02557,44.95025
loc.ark+=13960=t7kp8rn0j,477.450583,102.1775434
loc.ark+=13960=t7np2j326,477.450583,102.1775434
loc.ark+=13960=t7qn6hf22,485.9425,47.40796
loc.ark+=13960=t7rn3mf7w,487.85944,41.263683
loc.ark+=13960=t7rn3nd9t,485.623015,52.9378115
loc.ark+=13960=t7rn3s975,477.450583,102.1775434
loc.ark+=13960=t7tm7zx92,477.450583,102.1775434
loc.ark+=13960=t7wm21944,477.450583,102.1775434
loc.ark+=13960=t7xk8s43r,484.02557,44.95025
loc.ark+=13960=t82j72b60,446.96484,164.14925
loc.ark+=13960=t83j3xc15,487.85944,41.263683
loc.ark+=13960=t84j10z0p,479.90466,90.845433
loc.ark+=13960=t85h88b11,477.450583,102.1775434
loc.ark+=13960=t85h8bb68,477.450583,102.1775434
loc.ark+=13960=t8bg35n14,127.744935333333,114.134378333333
loc.ark+=13960=t8cg0bh9f,484.02557,44.95025
loc.ark+=13960=t8df7js6p,477.450583,102.1775434
loc.ark+=13960=t8hd8kb9p,477.450583,102.1775434
loc.ark+=13960=t8jd5m375,477.450583,102.1775434
loc.ark+=13960=t8mc9pc5d,473.80191,127.8980125
loc.ark+=13960=t8nc6fv5z,485.623015,52.9378115
loc.ark+=13960=t8nc6g64c,485.623015,52.9378115
loc.ark+=13960=t8nc6m482,477.450583,102.1775434
loc.ark+=13960=t8pc3gf2q,482.200714298246,60.5237433245614
loc.ark+=13960=t8pc3kq50,485.866642,39.9815448
loc.ark+=13960=t8rb7nh6d,485.834151666667,41.223756
loc.ark+=13960=t8rb7sn3d,498.72205,139.57214
loc.ark+=13960=t8tb1kz39,477.450583,102.1775434
loc.ark+=13960=t8tb1sp17,485.335985,43.5344855
loc.ark+=13960=t8tb1xb5b,477.450583,102.1775434
loc.ark+=13960=t8x92tz35,446.96484,164.14925
loc.ark+=13960=t9183sz8d,482.200714298246,60.5237433245614
loc.ark+=13960=t9183xd01,477.450583,102.1775434
loc.ark+=13960=t97664b0x,477.450583,102.1775434
loc.ark+=13960=t99600v0b,446.96484,164.14925
loc.ark+=13960=t9d50q52m,164.91215,48.6368165
loc.ark+=13960=t9f484f1p,446.96484,164.14925
loc.ark+=13960=t9g45bk4k,477.450583,102.1775434
loc.ark+=13960=t9j39fp1h,485.623015,52.9378115
loc.ark+=13960=t9j39h612,477.450583,102.1775434
loc.ark+=13960=t9n30kp7k,477.450583,102.1775434
loc.ark+=13960=t9q24p56d,477.450583,102.1775434
loc.ark+=13960=t9r21k60w,446.96484,164.14925
loc.ark+=13960=t9s18qd4s,477.450583,102.1775434
loc.ark+=13960=t9t15g848,446.96484,164.14925
loc.ark+=13960=t9t15hm1q,108.94569,167.83582
loc.ark+=13960=t9v12sm6m,477.450583,102.1775434
loc.ark+=13960=t9w09k62f,484.02557,44.95025
mdp.39015002330572,192.090958333333,38.8517916666667
mdp.39015002657651,473.80191,127.8980125
mdp.39015010794983,486.00742,40.889866
mdp.39015012924836,475.137111359259,94.9653543225926
mdp.39015016805981,498.739580310697,129.190362674948
mdp.39015017690598,475.137111359259,94.9653543225926
mdp.39015026430986,447.550630598958,159.720378619792
mdp.39015026436199,447.550630598958,159.720378619792
mdp.39015030938578,485.834151666667,41.223756
mdp.39015031009411,485.866642,39.9815448
mdp.39015033882153,108.94569,167.83582
mdp.39015034555469,484.831911875,92.019144
mdp.39015035438525,405.149091,162.0499585
mdp.39015060405662,476.412306662281,127.154154767138
mdp.39015060441253,440.04399,156.5753675
mdp.39015062302768,479.014297142857,112.132809142857
mdp.39015065864137,477.450583,102.1775434
mdp.39015065864145,477.450583,102.1775434
mdp.39015065864293,477.450583,102.1775434
mdp.39015065865738,477.450583,102.1775434
mdp.39015065865746,477.450583,102.1775434
mdp.39015066914600,480.911657,96.0678701333333
nnc2.ark+=13960=t2z32h30c,355.591053,179.264177
nnc2.ark+=13960=t3jw94j18,418.690085833333,162.408373333333
nnc2.ark+=13960=t41r7gq71,405.149091,162.0499585
nnc2.ark+=13960=t54f2jh1g,418.690085833333,162.408373333333
nnc2.ark+=13960=t59c7n281,331.62677728137,128.752883905278
nnc2.ark+=13960=t5gb25094,490.54628477193,65.8144416298246
nnc2.ark+=13960=t5r79162w,355.591053,179.264177
nnc2.ark+=13960=t6c25k79z,373.7988609,169.1192169
nnc2.ark+=13960=t6k07rz7d,345.921194666667,148.747596
nnc2.ark+=13960=t6xw53d5q,355.591053,179.264177
nnc2.ark+=13960=t79s2j49z,418.690085833333,162.408373333333
nnc2.ark+=13960=t8df7f57v,330.990405,111.922885
nnc2.ark+=13960=t8nc6qm54,386.78114625,185.884638125
nnc2.ark+=13960=t94752x74,455.91055,175.20895
nnc2.ark+=13960=t99607673,405.149091,162.0499585
uc2.ark+=13960=t00002d7c,486.112615535714,44.7346468392857
uc2.ark+=13960=t00006243,486.00742,40.889866
uc2.ark+=13960=t00007v0w,460.436632916667,149.991809958333
uc2.ark+=13960=t0000866p,489.45688,137.7288525
uc2.ark+=13960=t0000bc58,476.303576671572,94.5194084680454
uc2.ark+=13960=t00z7897t,441.85303,180.12437
uc2.ark+=13960=t00z7bv9s,470.723196666667,118.132187333333
uc2.ark+=13960=t01z42w93,476.303576671572,94.5194084680454
uc2.ark+=13960=t01z4b65h,96.6680917777778,121.275842888889
uc2.ark+=13960=t01z4jf4n,485.942505,79.972638
uc2.ark+=13960=t04x55d0p,124.60064,177.052235
uc2.ark+=13960=t04x5725f,477.450583,102.1775434
uc2.ark+=13960=t04x5h23s,484.517685,38.6624395
uc2.ark+=13960=t04x5hw5h,477.450583,102.1775434
uc2.ark+=13960=t05x26n0d,461.66135,165.37811
uc2.ark+=13960=t05x27r5k,477.450583,102.1775434
uc2.ark+=13960=t05x29c21,460.436632916667,149.991809958333
uc2.ark+=13960=t05x2dz8s,455.91055,175.20895
uc2.ark+=13960=t07w6995c,477.450583,102.1775434
uc2.ark+=13960=t08w39r6v,460.809376666667,165.651185555556
uc2.ark+=13960=t08w3b593,484.02557,44.95025
uc2.ark+=13960=t08w3c78x,418.690085833333,162.408373333333
uc2.ark+=13960=t09w0bs9b,482.200714298246,60.5237433245614
uc2.ark+=13960=t09w0ch8p,485.30353,128.51244
uc2.ark+=13960=t09w0cv85,488.0894656,108.8015904
uc2.ark+=13960=t09w0g207,482.753497147051,127.326241025193
uc2.ark+=13960=t0bv7dt8r,473.80191,127.8980125
uc2.ark+=13960=t0bv7f448,475.137111359259,94.9653543225926
uc2.ark+=13960=t0cv4dn2s,483.696611679487,124.954529267308
uc2.ark+=13960=t0cv4dx0d,485.430906754167,119.450479445208
uc2.ark+=13960=t0cv4hn1j,484.98404,35.7338325
uc2.ark+=13960=t0dv1fj40,487.85944,41.263683
uc2.ark+=13960=t0dv1m328,485.942506666667,88.7794373333333
uc2.ark+=13960=t0ft8h72f,486.614931,72.8617811
uc2.ark+=13960=t0ft8nq0d,477.91891047619,102.418998095238
uc2.ark+=13960=t0gt5hg37,220.12779,192.41293
uc2.ark+=13960=t0gt5hj2n,498.136144887218,132.330840639098
uc2.ark+=13960=t0gt5hj53,476.303576671572,94.5194084680454
uc2.ark+=13960=t0ht2h954,345.921194666667,148.747596
uc2.ark+=13960=t0ht2hf6d,124.60064,177.052235
uc2.ark+=13960=t0ht2j35v,355.591053,179.264177
uc2.ark+=13960=t0ht2qj5r,480.191696,133.4278594
uc2.ark+=13960=t0js9jz65,135.907227777778,113.341752777778
uc2.ark+=13960=t0js9kr3f,447.550630598958,159.720378619792
uc2.ark+=13960=t0js9wj9c,477.450583,102.1775434
uc2.ark+=13960=t0ks6mf8d,493.29074,136.5
uc2.ark+=13960=t0ks71v46,446.96484,164.14925
uc2.ark+=13960=t0ms3p51f,452.928644166667,154.113598333333
uc2.ark+=13960=t0ms3p54w,448.88177,162.9204
uc2.ark+=13960=t0ms3wb72,486.112615535714,44.7346468392857
uc2.ark+=13960=t0ns0z70b,482.614754706125,67.9732083081481
uc2.ark+=13960=t0pr7n923,485.443785238095,46.3648855238095
uc2.ark+=13960=t0pr7nx3n,177.954935,171.0751296
uc2.ark+=13960=t0pr7qg25,457.82749,151.24627
uc2.ark+=13960=t0qr4qb12,291.373798333333,67.6840796666667
uc2.ark+=13960=t0qr4qp40,405.149091,162.0499585
uc2.ark+=13960=t0qr4rn1h,475.137111359259,94.9653543225926
uc2.ark+=13960=t0rr1sd6c,486.260327148325,90.1608912623206
uc2.ark+=13960=t0rr1sz14,480.191696,133.4278594
uc2.ark+=13960=t0sq8tq30,477.450583,102.1775434
uc2.ark+=13960=t0tq63653,492.32568,29.519371
uc2.ark+=13960=t0vq2z41d,476.251321666667,91.23715
uc2.ark+=13960=t0wp9w26q,464.43025,150.222223333333
uc2.ark+=13960=t0wp9wj7g,485.797275,41.054003
uc2.ark+=13960=t0wp9x83c,480.191696,133.4278594
uc2.ark+=13960=t0xp6wt8q,477.450583,102.1775434
uc2.ark+=13960=t0xp6xg56,484.831911875,92.019144
uc2.ark+=13960=t0xp6z55k,483.56729691312,63.4939973369194
uc2.ark+=13960=t0zp3xw48,486.112615535714,44.7346468392857
uc2.ark+=13960=t0zp4001c,486.93,38.386612
uc2.ark+=13960=t0zp4810n,475.137111359259,94.9653543225926
uc2.ark+=13960=t10p0xx64,487.85944,41.263683
uc2.ark+=13960=t12n59n68,482.7476,13
uc2.ark+=13960=t14m96p7r,440.04399,156.5753675
uc2.ark+=13960=t15m63g4j,345.921194666667,148.747596
uc2.ark+=13960=t15m65747,192.090958333333,38.8517916666667
uc2.ark+=13960=t17m0570n,448.88177,162.9204
uc2.ark+=13960=t17m06c2t,108.94569,167.83582
uc2.ark+=13960=t17m06g7k,484.02557,60.925373
uc2.ark+=13960=t18k77d7q,494.146241607236,117.521907956583
uc2.ark+=13960=t18k7cj94,479.291809444444,96.2208401111111
uc2.ark+=13960=t19k48s0v,476.303576671572,94.5194084680454
uc2.ark+=13960=t1bk18m4q,448.88177,162.9204
uc2.ark+=13960=t1bk19b51,106.848795883636,91.8219869603636
uc2.ark+=13960=t1dj5c65v,482.753497147051,127.326241025193
uc2.ark+=13960=t1fj2f59b,486.58148,47.40796
uc2.ark+=13960=t1fj2j55n,486.3146925,61.27794125
uc2.ark+=13960=t1gh9bs2d,485.9425,47.40796
uc2.ark+=13960=t1gh9db1x,485.197025,40.854064
uc2.ark+=13960=t1hh6df7b,455.91055,175.20895
uc2.ark+=13960=t1hh6f67m,486.112615535714,44.7346468392857
uc2.ark+=13960=t1jh3f62c,270.60703,43.721394
uc2.ark+=13960=t1jh3fs9c,498.739580310697,129.190362674948
uc2.ark+=13960=t1jh3gq30,477.450583,102.1775434
uc2.ark+=13960=t1jh3kn4t,483.70608,106.597845833333
uc2.ark+=13960=t1jh3mp36,446.96484,164.14925
uc2.ark+=13960=t1kh0fd9m,188.503134916667,174.775261020833
uc2.ark+=13960=t1kh0gv10,106.848795883636,91.8219869603636
uc2.ark+=13960=t1kh0h092,477.450583,102.1775434
uc2.ark+=13960=t1kh0h35g,448.88177,162.9204
uc2.ark+=13960=t1kh0hd9f,484.02557,60.925373
uc2.ark+=13960=t1kh0mb4c,486.58148,44.95025
uc2.ark+=13960=t1kh0vp0t,418.690085833333,162.408373333333
uc2.ark+=13960=t1mg7h93t,485.942506666667,88.7794373333333
uc2.ark+=13960=t1ng4js1q,457.025465,72.25719975
uc2.ark+=13960=t1ng4sj8v,498.739580310697,129.190362674948
uc2.ark+=13960=t1rf5z79b,107.72035,116.4960055
uc2.ark+=13960=t1sf2p02p,446.96484,164.14925
uc2.ark+=13960=t1sf2p52x,441.85303,180.12437
uc2.ark+=13960=t1tf03p7k,475.137111359259,94.9653543225926
uc2.ark+=13960=t1vd6qc4s,484.714353662229,48.559997874359
uc2.ark+=13960=t1vd6qj5h,498.739580310697,129.190362674948
uc2.ark+=13960=t1xd0sp7f,135.907227777778,113.341752777778
uc2.ark+=13960=t1xd0ss88,448.88177,162.9204
uc2.ark+=13960=t21c1w21z,291.373798333333,67.6840796666667
uc2.ark+=13960=t21c29632,447.550630598958,159.720378619792
uc2.ark+=13960=t23b5xx8r,484.02557,44.95025
uc2.ark+=13960=t23b5zg7v,486.3146925,61.27794125
uc2.ark+=13960=t24b2zf06,498.739580310697,129.190362674948
uc2.ark+=13960=t24b30n91,477.450583,102.1775434
uc2.ark+=13960=t25b00g51,291.373798333333,67.6840796666667
uc2.ark+=13960=t25b09h0s,494.753929699248,50.7545867218045
uc2.ark+=13960=t28913m6h,477.450583,102.1775434
uc2.ark+=13960=t28914s3q,476.251321666667,91.23715
uc2.ark+=13960=t29889z82,446.96484,164.14925
uc2.ark+=13960=t2d797f8g,106.848795883636,91.8219869603636
uc2.ark+=13960=t2f76ct5s,107.72035,116.4960055
uc2.ark+=13960=t2f76kd7v,497.994320972222,126.071793861111
uc2.ark+=13960=t2g73b246,460.809376666667,165.651185555556
uc2.ark+=13960=t2h70941d,455.91055,175.20895
uc2.ark+=13960=t2h709v1t,419.32907,187.8047275
uc2.ark+=13960=t2j67n85w,477.450583,102.1775434
uc2.ark+=13960=t2k64nw4n,484.02557,44.95025
uc2.ark+=13960=t2n58kx04,448.88177,162.9204
uc2.ark+=13960=t2p55ft85,440.04399,156.5753675
uc2.ark+=13960=t2p55gv24,419.32907,187.8047275
uc2.ark+=13960=t2q52k265,142.044896666667,62.2967393333333
uc2.ark+=13960=t2r49hh2v,498.136144887218,132.330840639098
uc2.ark+=13960=t2r49j30x,477.450583,102.1775434
uc2.ark+=13960=t2s46pf9k,460.436632916667,149.991809958333
uc2.ark+=13960=t2t43kt8z,487.22046,155.54726
uc2.ark+=13960=t2t43w55q,484.02557,44.95025
uc2.ark+=13960=t2w37mc2f,485.250277083333,120.422469333333
uc2.ark+=13960=t2w37nz0h,477.450583,102.1775434
uc2.ark+=13960=t2z31rz3j,477.450583,102.1775434
uc2.ark+=13960=t3028qw0p,330.990405,111.922885
uc2.ark+=13960=t3125r08g,475.137111359259,94.9653543225926
uc2.ark+=13960=t3125rr5w,291.373798333333,67.6840796666667
uc2.ark+=13960=t3125ss48,431.805116666667,226.820906666667
uc2.ark+=13960=t3125t69g,96.6680917777778,121.275842888889
uc2.ark+=13960=t3125td38,485.797275,41.054003
uc2.ark+=13960=t3126236z,478.374386488095,118.954400690476
uc2.ark+=13960=t32231r9p,96.6680917777778,121.275842888889
uc2.ark+=13960=t3319vx55,485.97496,44.148913
uc2.ark+=13960=t3320119f,448.88177,162.9204
uc2.ark+=13960=t3417324x,464.43025,150.222223333333
uc2.ark+=13960=t3513xn0b,484.02557,44.95025
uc2.ark+=13960=t3513zp06,482.200714298246,60.5237433245614
uc2.ark+=13960=t3610zc9p,476.303576671572,94.5194084680454
uc2.ark+=13960=t3610zp2b,460.436632916667,149.991809958333
uc2.ark+=13960=t3707z64n,408.937294829613,185.209089207589
uc2.ark+=13960=t38050f8p,491.05432,129.74129
uc2.ark+=13960=t39021j0r,489.1374,31.432837
uc2.ark+=13960=t39z9120s,483.56729691312,63.4939973369194
uc2.ark+=13960=t3bz6269h,257.50799,50.480101
uc2.ark+=13960=t3bz6393c,476.303576671572,94.5194084680454
uc2.ark+=13960=t3bz68614,448.88177,162.9204
uc2.ark+=13960=t3bz6bw1x,476.303576671572,94.5194084680454
uc2.ark+=13960=t3cz34f28,448.88177,162.9204
uc2.ark+=13960=t3cz35g1n,455.91055,175.20895
uc2.ark+=13960=t3dz05509,452.928644166667,154.113598333333
uc2.ark+=13960=t3dz05t95,447.550630598958,159.720378619792
uc2.ark+=13960=t3dz0dc6s,476.251321666667,91.23715
uc2.ark+=13960=t3dz0dk50,482.733776212867,59.5564393561158
uc2.ark+=13960=t3fx74332,461.34186625,142.1834565
uc2.ark+=13960=t3gx4665c,291.373798333333,67.6840796666667
uc2.ark+=13960=t3gx4b93d,482.200714298246,60.5237433245614
uc2.ark+=13960=t3hx18192,487.85944,41.263683
uc2.ark+=13960=t3hx1h132,464.43025,150.222223333333
uc2.ark+=13960=t3jw87w9g,331.62677728137,128.752883905278
uc2.ark+=13960=t3jw88r6n,485.623015,52.9378115
uc2.ark+=13960=t3jw88x00,492.32568,29.519371
uc2.ark+=13960=t3jw89p5p,476.303576671572,94.5194084680454
uc2.ark+=13960=t3kw5b33p,487.85944,41.263683
uc2.ark+=13960=t3mw2hs89,455.91055,175.20895
uc2.ark+=13960=t3mw2r724,331.62677728137,128.752883905278
uc2.ark+=13960=t3nv9b76q,184.98402,185.0398
uc2.ark+=13960=t3nv9bc6h,487.85944,41.263683
uc2.ark+=13960=t3pv6cc9j,479.552726666667,103.935322666667
uc2.ark+=13960=t3pv6db81,480.19168,53.55224
uc2.ark+=13960=t3pv6f01k,441.85303,180.12437
uc2.ark+=13960=t3pv6j480,484.66455,46.179105
uc2.ark+=13960=t3qv3mf81,476.303576671572,94.5194084680454
uc2.ark+=13960=t3rv0fg6m,355.591053,179.264177
uc2.ark+=13960=t3st7gq2v,405.149091,162.0499585
uc2.ark+=13960=t3st7r70x,484.02557,44.95025
uc2.ark+=13960=t3st7vj5m,249.52077,38.80597
uc2.ark+=13960=t3tt4ss72,457.025465,72.25719975
uc2.ark+=13960=t3tt4v12m,486.75574,42.897286
uc2.ark+=13960=t3ws8pv04,457.844295657895,152.111317092105
uc2.ark+=13960=t3ws8qf62,107.72035,116.4960055
uc2.ark+=13960=t3zs2pd71,476.303576671572,94.5194084680454
uc2.ark+=13960=t3zs2x35x,475.137111359259,94.9653543225926
uc2.ark+=13960=t41r6qd1m,485.942506666667,88.7794373333333
uc2.ark+=13960=t41r71p76,477.450583,102.1775434
uc2.ark+=13960=t42r3s848,457.844295657895,152.111317092105
uc2.ark+=13960=t42r3sz1s,453.662405,96.77594975
uc2.ark+=13960=t43r0st6k,479.90466,90.845433
uc2.ark+=13960=t45q4tt59,486.28329,120.565837466667
uc2.ark+=13960=t47p8wh8b,486.5608155,52.12140955
uc2.ark+=13960=t47p8x14j,452.928644166667,154.113598333333
uc2.ark+=13960=t48p5wf74,331.62677728137,128.752883905278
uc2.ark+=13960=t48p62227,457.025465,72.25719975
uc2.ark+=13960=t49p30t6c,477.450583,102.1775434
uc2.ark+=13960=t49p31638,498.739580310697,129.190362674948
uc2.ark+=13960=t4bp00701,475.137111359259,94.9653543225926
uc2.ark+=13960=t4cn6zs20,485.834151666667,41.223756
uc2.ark+=13960=t4cn70z1j,484.02557,44.95025
uc2.ark+=13960=t4cn71j03,446.96484,164.14925
uc2.ark+=13960=t4cn71p78,493.29074,136.5
uc2.ark+=13960=t4cn74f2z,476.55243025,113.8163979
uc2.ark+=13960=t4dn4208c,485.623015,52.9378115
uc2.ark+=13960=t4dn42k42,477.450583,102.1775434
uc2.ark+=13960=t4dn4315s,476.303576671572,94.5194084680454
uc2.ark+=13960=t4dn43c77,477.450583,102.1775434
uc2.ark+=13960=t4fn11f60,188.503134916667,174.775261020833
uc2.ark+=13960=t4fn12s8v,446.96484,164.14925
uc2.ark+=13960=t4fn12w9p,490.874116333333,106.175999833333
uc2.ark+=13960=t4gm82m1v,457.025465,72.25719975
uc2.ark+=13960=t4gm84g7s,446.96484,164.14925
uc2.ark+=13960=t4gm84j3r,477.450583,102.1775434
uc2.ark+=13960=t4hm5b06p,448.88177,162.9204
uc2.ark+=13960=t4hm5dc9w,486.58148,142.02985
uc2.ark+=13960=t4jm25j40,425.8786,182.58209
uc2.ark+=13960=t4jm25m4w,476.303576671572,94.5194084680454
uc2.ark+=13960=t4kk96c96,479.014297142857,112.132809142857
uc2.ark+=13960=t4kk96p3b,460.436632916667,149.991809958333
uc2.ark+=13960=t4kk9dr3q,108.591821111111,73.8818291111111
uc2.ark+=13960=t4mk6770n,482.753497147051,127.326241025193
uc2.ark+=13960=t4mk6844n,491.502169081633,47.4331772755102
uc2.ark+=13960=t4mk68p78,447.550630598958,159.720378619792
uc2.ark+=13960=t4nk3981k,386.78114625,185.884638125
uc2.ark+=13960=t4nk3fz73,486.93,38.386612
uc2.ark+=13960=t4pk0904m,482.753497147051,127.326241025193
uc2.ark+=13960=t4pk0949t,489.1374,31.432837
uc2.ark+=13960=t4pk0b548,492.32568,29.519371
uc2.ark+=13960=t4rj4cm3t,484.02557,44.95025
uc2.ark+=13960=t4rj4cr3m,446.96484,164.14925
uc2.ark+=13960=t4sj1c662,330.990405,111.922885
uc2.ark+=13960=t4sj1ct5n,129.476835,112.8445285
uc2.ark+=13960=t4sj1d22r,441.85303,180.12437
uc2.ark+=13960=t4sj1dp8q,469.32907,158.00497
uc2.ark+=13960=t4sj1dz3w,453.662405,96.77594975
uc2.ark+=13960=t4sj1f600,490.72117475,87.1105205
uc2.ark+=13960=t4th8k23x,484.02557,60.925373
uc2.ark+=13960=t4th8kk7k,498.739580310697,129.190362674948
uc2.ark+=13960=t4th8p89r,491.6933,136.5
uc2.ark+=13960=t4vh5fn4j,129.476835,112.8445285
uc2.ark+=13960=t4wh2fm7q,275.07986,80.58707
uc2.ark+=13960=t4wh2h71q,484.02557,44.95025
uc2.ark+=13960=t4wh2h75n,457.025465,72.25719975
uc2.ark+=13960=t4xg9j44v,477.450583,102.1775434
uc2.ark+=13960=t4zg6h979,270.60703,43.721394
uc2.ark+=13960=t4zg6ht2m,476.303576671572,94.5194084680454
uc2.ark+=13960=t4zg6jj4d,477.450583,102.1775434
uc2.ark+=13960=t4zg6nw3n,485.942506666667,88.7794373333333
uc2.ark+=13960=t50g3jp2p,291.373798333333,67.6840796666667
uc2.ark+=13960=t50g3md5c,475.137111359259,94.9653543225926
uc2.ark+=13960=t51g0m19j,484.02557,44.95025
uc2.ark+=13960=t51g0nf4x,484.713826666667,72.48087
uc2.ark+=13960=t51g0rn2w,477.450583,102.1775434
uc2.ark+=13960=t51g0w53r,486.58148,47.40796
uc2.ark+=13960=t52f7m354,291.373798333333,67.6840796666667
uc2.ark+=13960=t52f7nf13,486.112615535714,44.7346468392857
uc2.ark+=13960=t52f7rj82,498.136144887218,132.330840639098
uc2.ark+=13960=t52f7wd1j,492.019222693548,80.9280137247312
uc2.ark+=13960=t53f4qv2z,484.66455,43.721394
uc2.ark+=13960=t54f1pm8g,135.907227777778,113.341752777778
uc2.ark+=13960=t54f1q04w,488.244414,113.5240465
uc2.ark+=13960=t55d8ps5w,455.91055,175.20895
uc2.ark+=13960=t56d5rh0w,490.54628477193,65.8144416298246
uc2.ark+=13960=t56d5rj1t,485.797275,41.054003
uc2.ark+=13960=t57d2s994,460.809376666667,165.651185555556
uc2.ark+=13960=t57d2sq62,108.94569,167.83582
uc2.ark+=13960=t59c6tb7t,330.990405,111.922885
uc2.ark+=13960=t59c6v335,455.91055,175.20895
uc2.ark+=13960=t59c74n0k,483.70608,106.597845833333
uc2.ark+=13960=t5bc3ww51,452.928644166667,154.113598333333
uc2.ark+=13960=t5bc3xq0s,476.303576671572,94.5194084680454
uc2.ark+=13960=t5cc0x626,485.30353,99.0199
uc2.ark+=13960=t5cc13r39,476.303576671572,94.5194084680454
uc2.ark+=13960=t5db7wf2j,485.250277083333,120.422469333333
uc2.ark+=13960=t5db7z30x,492.97125,158.00497
uc2.ark+=13960=t5db8045k,106.848795883636,91.8219869603636
uc2.ark+=13960=t5fb57s4p,473.80191,127.8980125
uc2.ark+=13960=t5gb21873,485.346803333333,42.2433273333333
uc2.ark+=13960=t5gb21r2z,475.137111359259,94.9653543225926
uc2.ark+=13960=t5gb2263p,484.02557,44.95025
uc2.ark+=13960=t5gb24h5h,447.550630598958,159.720378619792
uc2.ark+=13960=t5gb24n2v,476.55243025,113.8163979
uc2.ark+=13960=t5j965970,447.550630598958,159.720378619792
uc2.ark+=13960=t5n875p2g,486.112615535714,44.7346468392857
uc2.ark+=13960=t5p84f64n,460.809376666667,165.651185555556
uc2.ark+=13960=t5q816x69,487.22046,119.910446
uc2.ark+=13960=t5q818g4b,498.72205,139.57214
uc2.ark+=13960=t5r78fs5j,460.436632916667,149.991809958333
uc2.ark+=13960=t5s758m3f,486.260327148325,90.1608912623206
uc2.ark+=13960=t5s75ft74,488.072426666667,73.21393
uc2.ark+=13960=t5t729r2b,485.9425,47.40796
uc2.ark+=13960=t5t729r5s,477.450583,102.1775434
uc2.ark+=13960=t5t72p763,249.52077,38.80597
uc2.ark+=13960=t5v69bd2w,441.85303,180.12437
uc2.ark+=13960=t5x63ch8w,475.137111359259,94.9653543225926
uc2.ark+=13960=t5x63dg5d,498.739580310697,129.190362674948
uc2.ark+=13960=t5x63j43m,475.07986,143.25871
uc2.ark+=13960=t5x63p21d,460.436632916667,149.991809958333
uc2.ark+=13960=t5z60dr0r,476.303576671572,94.5194084680454
uc2.ark+=13960=t5z60g69r,448.88177,162.9204
uc2.ark+=13960=t6057f659,330.990405,111.922885
uc2.ark+=13960=t6057gk45,106.848795883636,91.8219869603636
uc2.ark+=13960=t6057h457,477.03069094152,99.4354438584795
uc2.ark+=13960=t6057nv97,486.58148,86.116917
uc2.ark+=13960=t6057v16h,486.5608155,52.12140955
uc2.ark+=13960=t6154h42z,475.137111359259,94.9653543225926
uc2.ark+=13960=t6154hp7j,477.450583,102.1775434
uc2.ark+=13960=t6154hx1s,492.32568,29.519371
uc2.ark+=13960=t6251h77w,486.112615535714,44.7346468392857
uc2.ark+=13960=t6251t200,475.137111359259,94.9653543225926
uc2.ark+=13960=t6348kh4g,477.450583,102.1775434
uc2.ark+=13960=t6445jg8q,275.07986,80.58707
uc2.ark+=13960=t6445mz2x,482.200714298246,60.5237433245614
uc2.ark+=13960=t6542nv82,447.550630598958,159.720378619792
uc2.ark+=13960=t6542vm6f,482.200714298246,60.5237433245614
uc2.ark+=13960=t6639nh7q,470.723196666667,118.132187333333
uc2.ark+=13960=t6639nq8w,447.550630598958,159.720378619792
uc2.ark+=13960=t6639nq9c,480.191696,133.4278594
uc2.ark+=13960=t6639nz05,477.450583,102.1775434
uc2.ark+=13960=t6639tq3j,135.907227777778,113.341752777778
uc2.ark+=13960=t6736pb0p,481.9230455,36.6971523
uc2.ark+=13960=t6930qz4f,477.450583,102.1775434
uc2.ark+=13960=t6c25205p,460.436632916667,149.991809958333
uc2.ark+=13960=t6d21vg2t,486.79447,116.633499
uc2.ark+=13960=t6d221387,457.025465,72.25719975
uc2.ark+=13960=t6g15x53w,477.450583,102.1775434
uc2.ark+=13960=t6h12wb9s,188.503134916667,174.775261020833
uc2.ark+=13960=t6h12wr38,498.739580310697,129.190362674948
uc2.ark+=13960=t6h12z17m,466.551536142857,96.9113078857143
uc2.ark+=13960=t6h13671p,249.52077,38.80597
uc2.ark+=13960=t6j100r13,484.02557,44.95025
uc2.ark+=13960=t6k073g78,487.85944,41.263683
uc2.ark+=13960=t6k07db2s,354.3131,198.55722
uc2.ark+=13960=t6m041b4c,477.450583,102.1775434
uc2.ark+=13960=t6m044t7b,485.797275,41.054003
uc2.ark+=13960=t6m04630c,482.9235775,61.7535615
uc2.ark+=13960=t6pz5411s,446.96484,164.14925
uc2.ark+=13960=t6pz54b0b,477.450583,102.1775434
uc2.ark+=13960=t6pz57p02,447.550630598958,159.720378619792
uc2.ark+=13960=t6pz5cr13,483.3866,142.02985
uc2.ark+=13960=t6qz25x6f,477.450583,102.1775434
uc2.ark+=13960=t6qz26f15,476.251321666667,91.23715
uc2.ark+=13960=t6sx67x05,476.303576671572,94.5194084680454
uc2.ark+=13960=t6tx3dq4n,446.96484,164.14925
uc2.ark+=13960=t6vx08413,463.57828,149.40298
uc2.ark+=13960=t6vx0k00j,498.08307,127.283585
uc2.ark+=13960=t6ww79p19,498.739580310697,129.190362674948
uc2.ark+=13960=t6xw49z8f,135.907227777778,113.341752777778
uc2.ark+=13960=t6zw1bd00,486.93,38.386612
uc2.ark+=13960=t6zw1cf4s,485.797275,41.054003
uc2.ark+=13960=t6zw1g95q,485.834151666667,41.223756
uc2.ark+=13960=t6zw1hv59,193.115023333333,58.87728
uc2.ark+=13960=t6zw1jb12,446.96484,164.14925
uc2.ark+=13960=t6zw1n34m,476.303576671572,94.5194084680454
uc2.ark+=13960=t70v8bd8r,103.04675547619,55.4688920238095
uc2.ark+=13960=t70v8bq6t,408.937294829613,185.209089207589
uc2.ark+=13960=t70v8cw12,482.753497147051,127.326241025193
uc2.ark+=13960=t70v8nt9b,475.137111359259,94.9653543225926
uc2.ark+=13960=t71v5dw7j,482.358298285714,145.119165238095
uc2.ark+=13960=t71v5f37n,480.191696,133.4278594
uc2.ark+=13960=t71v5fd5q,477.450583,102.1775434
uc2.ark+=13960=t71v5gf3m,485.866642,39.9815448
uc2.ark+=13960=t71v5kj4p,485.834151666667,41.223756
uc2.ark+=13960=t71v5mg1r,476.303576671572,94.5194084680454
uc2.ark+=13960=t72v2gn5f,498.136144887218,132.330840639098
uc2.ark+=13960=t73t9g05j,331.62677728137,128.752883905278
uc2.ark+=13960=t73t9gq9w,498.72205,139.57214
uc2.ark+=13960=t74t6hv3c,482.7476,13
uc2.ark+=13960=t75t3hx3f,487.85944,41.263683
uc2.ark+=13960=t75t3nc0g,482.753497147051,127.326241025193
uc2.ark+=13960=t75t3xq46,447.550630598958,159.720378619792
uc2.ark+=13960=t77s7m40q,437.635788,167.098506
uc2.ark+=13960=t77s7mx3g,477.91891047619,102.418998095238
uc2.ark+=13960=t78s4rd42,498.739580310697,129.190362674948
uc2.ark+=13960=t79s1n668,310.624573492956,114.39554400974
uc2.ark+=13960=t7cr5qv0h,492.32568,29.519371
uc2.ark+=13960=t7cr5qw2x,500,130.97015
uc2.ark+=13960=t7cr5sf5c,484.517685,38.6624395
uc2.ark+=13960=t7cr5x107,446.96484,164.14925
uc2.ark+=13960=t7cr60x22,477.450583,102.1775434
uc2.ark+=13960=t7dr2qp3w,310.624573492956,114.39554400974
uc2.ark+=13960=t7gq6sj08,188.503134916667,174.775261020833
uc2.ark+=13960=t7gq6st77,330.990405,111.922885
uc2.ark+=13960=t7gq6t682,477.450583,102.1775434
uc2.ark+=13960=t7gq6tc3w,475.137111359259,94.9653543225926
uc2.ark+=13960=t7gq6xp2p,486.00742,40.889866
uc2.ark+=13960=t7gq7663k,486.90097,89.189055
uc2.ark+=13960=t7hq3v48r,486.260327148325,90.1608912623206
uc2.ark+=13960=t7hq4112z,497.994320972222,126.071793861111
uc2.ark+=13960=t7jq14z10,477.450583,102.1775434
uc2.ark+=13960=t7kp7wj8b,354.63258,171.522385
uc2.ark+=13960=t7kp7xt0g,498.72205,139.57214
uc2.ark+=13960=t7kp7z25f,165.725385,38.596291
uc2.ark+=13960=t7kp7z924,476.303576671572,94.5194084680454
uc2.ark+=13960=t7mp5b37z,426.51758,162.9204
uc2.ark+=13960=t7pn91g12,461.66135,146.94527
uc2.ark+=13960=t7qn6237m,477.450583,102.1775434
uc2.ark+=13960=t7qn62c0t,441.85303,180.12437
uc2.ark+=13960=t7qn6341k,476.303576671572,94.5194084680454
uc2.ark+=13960=t7rn3198j,453.78063,162.920396666667
uc2.ark+=13960=t7rn3fd3f,486.93,38.386612
uc2.ark+=13960=t7sn03m92,484.66455,43.721394
uc2.ark+=13960=t7tm7528v,485.866642,39.9815448
uc2.ark+=13960=t7tm75b12,484.517685,38.6624395
uc2.ark+=13960=t7tm7d89x,473.80191,127.8980125
uc2.ark+=13960=t7vm4636x,437.635788,167.098506
uc2.ark+=13960=t7wm15g73,291.373798333333,67.6840796666667
uc2.ark+=13960=t7wm1h41v,475.137111359259,94.9653543225926
uc2.ark+=13960=t7xk8636q,275.07986,80.58707
uc2.ark+=13960=t7xk87m99,476.251321666667,91.23715
uc2.ark+=13960=t7xk88b6p,485.623015,52.9378115
uc2.ark+=13960=t7zk5cq5j,498.739580310697,129.190362674948
uc2.ark+=13960=t80k29f62,466.77316,153.08955
uc2.ark+=13960=t80k2fg27,488.182160823864,92.2584838380682
uc2.ark+=13960=t80k2g317,448.88177,162.9204
uc2.ark+=13960=t81j9b01v,461.66135,146.94527
uc2.ark+=13960=t81j9js43,477.450583,102.1775434
uc2.ark+=13960=t82j6c19r,477.450583,102.1775434
uc2.ark+=13960=t84j0d55c,487.22046,119.910446
uc2.ark+=13960=t85h7ff9x,484.02557,38.80597
uc2.ark+=13960=t87h1h098,476.303576671572,94.5194084680454
uc2.ark+=13960=t87h1h98t,447.550630598958,159.720378619792
uc2.ark+=13960=t87h1vs0c,477.450583,102.1775434
uc2.ark+=13960=t88g8j55m,452.928644166667,154.113598333333
uc2.ark+=13960=t88g8jk8f,461.66135,146.94527
uc2.ark+=13960=t88g8wp3h,486.93,38.386612
uc2.ark+=13960=t89g5nv12,482.753497147051,127.326241025193
uc2.ark+=13960=t8bg2mj28,461.66135,146.94527
uc2.ark+=13960=t8bg2n32v,477.450583,102.1775434
uc2.ark+=13960=t8cf9kh21,331.62677728137,128.752883905278
uc2.ark+=13960=t8cf9ns9t,460.436632916667,149.991809958333
uc2.ark+=13960=t8cf9wh56,487.22046,121.139305
uc2.ark+=13960=t8df6nn8q,498.08307,127.283585
uc2.ark+=13960=t8df6p39f,498.739580310697,129.190362674948
uc2.ark+=13960=t8gf0wf7s,135.907227777778,113.341752777778
uc2.ark+=13960=t8jd4r669,179.871645,203.136826666667
uc2.ark+=13960=t8jd4rc4k,345.921194666667,148.747596
uc2.ark+=13960=t8jd4tn02,498.739580310697,129.190362674948
uc2.ark+=13960=t8kd1s34k,455.91055,175.20895
uc2.ark+=13960=t8kd1sv10,441.85303,180.12437
uc2.ark+=13960=t8pc2x66h,452.928644166667,154.113598333333
uc2.ark+=13960=t8pc2xb69,447.550630598958,159.720378619792
uc2.ark+=13960=t8qb9z87x,447.550630598958,159.720378619792
uc2.ark+=13960=t8rb6xf8d,331.62677728137,128.752883905278
uc2.ark+=13960=t8rb6z41d,486.260327148325,90.1608912623206
uc2.ark+=13960=t8rb70f17,477.450583,102.1775434
uc2.ark+=13960=t8rb7540s,475.137111359259,94.9653543225926
uc2.ark+=13960=t8tb16322,482.358298285714,145.119165238095
uc2.ark+=13960=t8tb1966k,477.450583,102.1775434
uc2.ark+=13960=t8w952z9s,486.3146925,61.27794125
uc2.ark+=13960=t8x92448j,460.436632916667,149.991809958333
uc2.ark+=13960=t8x925511,475.137111359259,94.9653543225926
uc2.ark+=13960=t8z895h4k,310.624573492956,114.39554400974
uc2.ark+=13960=t8z898q31,498.136144887218,132.330840639098
uc2.ark+=13960=t8z89dr72,448.88177,162.9204
uc2.ark+=13960=t90866v2z,397.1246,196.0995
uc2.ark+=13960=t91836c97,448.88177,162.9204
uc2.ark+=13960=t9280796g,484.66455,119.910446
uc2.ark+=13960=t92807k1n,477.450583,102.1775434
uc2.ark+=13960=t92807m70,482.753497147051,127.326241025193
uc2.ark+=13960=t9474971s,482.753497147051,127.326241025193
uc2.ark+=13960=t9474b56q,486.3146925,61.27794125
uc2.ark+=13960=t9474nw6v,487.85944,41.263683
uc2.ark+=13960=t9571gg8j,486.00742,40.889866
uc2.ark+=13960=t9668ch7w,473.80191,127.8980125
uc2.ark+=13960=t9765v20n,489.1374,31.432837
uc2.ark+=13960=t9862j171,468.667758269231,123.021224
uc2.ark+=13960=t9b56gt5b,487.22046,119.910446
uc2.ark+=13960=t9b56h56q,470.723196666667,118.132187333333
uc2.ark+=13960=t9b56hc10,477.450583,102.1775434
uc2.ark+=13960=t9c53hs1j,475.137111359259,94.9653543225926
uc2.ark+=13960=t9d50hh52,275.07986,80.58707
uc2.ark+=13960=t9d50hv3k,345.921194666667,148.747596
uc2.ark+=13960=t9d50jj9v,107.72035,116.4960055
uc2.ark+=13960=t9f47jn7v,291.373798333333,67.6840796666667
uc2.ark+=13960=t9f47kf5m,104.427117098039,129.355769607843
uc2.ark+=13960=t9f47s306,476.303576671572,94.5194084680454
uc2.ark+=13960=t9g44mg7m,486.0396045,46.08890275
uc2.ark+=13960=t9g44sq1x,477.450583,102.1775434
uc2.ark+=13960=t9h41mz91,489.1374,31.432837
uc2.ark+=13960=t9h41rd1n,481.582102880952,54.7081675857143
uc2.ark+=13960=t9h41xq9m,481.07839625,53.50551325
uc2.ark+=13960=t9j38pm0n,485.30353,128.51244
uc2.ark+=13960=t9k35q499,460.436632916667,149.991809958333
uc2.ark+=13960=t9k35qf8v,477.450583,102.1775434
uc2.ark+=13960=t9k35qp5j,497.994320972222,126.071793861111
uc2.ark+=13960=t9m32pc2t,487.43345,78.538971
uc2.ark+=13960=t9m32pk4g,405.149091,162.0499585
uc2.ark+=13960=t9m32r759,498.739580310697,129.190362674948
uc2.ark+=13960=t9m33077j,498.136144887218,132.330840639098
uc2.ark+=13960=t9p26rx4k,272.52396,47.40796
uc2.ark+=13960=t9p26sp5b,461.66135,146.94527
uc2.ark+=13960=t9q23st1c,272.52396,47.40796
uc2.ark+=13960=t9r20v46t,460.436632916667,149.991809958333
uc2.ark+=13960=t9r20v943,485.797275,41.054003
uc2.ark+=13960=t9r20vj7p,487.22046,119.910446
uc2.ark+=13960=t9r215m28,485.834151666667,41.223756
uc2.ark+=13960=t9t14w82w,270.60703,43.721394
uc2.ark+=13960=t9t14x51g,498.08307,127.283585
uc2.ark+=13960=t9w095g7g,486.00742,40.889866
uc2.ark+=13960=t9x060s7m,477.03069094152,99.4354438584795
uc2.ark+=13960=t9z03208s,484.02557,38.80597
uc2.ark+=13960=t9z036g0v,457.025465,72.25719975
uiuo.ark+=13960=t0000211j,452.928644166667,154.113598333333
uiuo.ark+=13960=t1hh6f12z,486.93,38.386612
uiuo.ark+=13960=t2697228j,447.550630598958,159.720378619792
uiuo.ark+=13960=t3pv6dc13,485.797275,41.054003
uiuo.ark+=13960=t8tb11b3m,475.07986,143.25871
uiuo.ark+=13960=t9765d227,418.690085833333,162.408373333333
uiuo.ark+=13960=t9j38p31d,331.62677728137,128.752883905278
yale.39002001964478,164.91215,48.6368165
yale.39002002064872,490.54628477193,65.8144416298246
yale.39002002568294,485.58671,54.57506875
yale.39002004985520,490.54628477193,65.8144416298246
yale.39002005180337,485.9425,47.40796
yale.39002005823431,486.3146925,61.27794125
yale.39002007665707,470.723196666667,118.132187333333
yale.39002008863848,484.02557,60.925373
yale.39002021134748,486.3146925,61.27794125
yale.39002021897518,486.112615535714,44.7346468392857
yale.39002024546468,486.0396045,46.08890275
yale.39002037686137,486.0396045,46.08890275
yale.39002039185831,165.725385,38.596291
yale.39002041462665,476.303576671572,94.5194084680454
yale.39002050324780,486.93,38.386612
yale.39002050472662,486.112615535714,44.7346468392857
yale.39002050947556,476.303576671572,94.5194084680454
yale.39002051005289,476.303576671572,94.5194084680454
yale.39002053279163,486.260327148325,90.1608912623206
yale.39002085618560,486.93,38.386612
yale.39002085619394,485.9425,47.40796
yale.39002085760826,477.450583,102.1775434
yale.39002088376646,476.303576671572,94.5194084680454
yale.39002088446423,486.112615535714,44.7346468392857
yale.39002088448759,476.303576671572,94.5194084680454
yale.39002088449518,476.303576671572,94.5194084680454
yale.39002088664421,486.5608155,52.12140955
yale.39002088675732,486.112615535714,44.7346468392857
yale.39002088676755,476.303576671572,94.5194084680454
yale.39002088677183,487.85944,41.263683
