htrc,lccn
uc2.ark+=13960=t05x26n0d,1005464
uc2.ark+=13960=t0ht2h954,10006734
uc2.ark+=13960=t5p84550z,
uc2.ark+=13960=t5w66bs1h,
uc2.ark+=13960=t6057f659,6003661
uc2.ark+=13960=t74t6gs0m,
loc.ark+=13960=t4vh6bb8k,28000542
mdp.39015026430986,4003989
nnc2.ark+=13960=t6k07rz7d,4009005
uc2.ark+=13960=t00002d7c,12034529
uc2.ark+=13960=t00006243,20000278
uc2.ark+=13960=t00z7291f,
uc2.ark+=13960=t0bv7dz15,
uc2.ark+=13960=t0js9wj9c,13008333
uc2.ark+=13960=t0ms3nx69,
uc2.ark+=13960=t0qr4pc9z,
uc2.ark+=13960=t11n8195t,
uc2.ark+=13960=t15m63g4j,14018659
uc2.ark+=13960=t1jh3f62c,4021575
uc2.ark+=13960=t1kh0hv1d,
uc2.ark+=13960=t1ng4kj9v,
uc2.ark+=13960=t1td9pw8v,
uc2.ark+=13960=t1zc7w08t,
uc2.ark+=13960=t21c1w21z,a16000878
uc2.ark+=13960=t26972z86,
uc2.ark+=13960=t2d796d4p,
uc2.ark+=13960=t2p55hh3j,
uc2.ark+=13960=t3125rr5w,17025801
uc2.ark+=13960=t3319vk9m,
uc2.ark+=13960=t3610x05d,w09000130
uc2.ark+=13960=t3gx4665c,29002215
uc2.ark+=13960=t3hx18t9c,
uc2.ark+=13960=t3pv6cc9j,20005161
uc2.ark+=13960=t3qv3dk5w,
uc2.ark+=13960=t41r70n1f,
uc2.ark+=13960=t44q7s06f,a36000018
uc2.ark+=13960=t45q4tt59,4024153
uc2.ark+=13960=t48p6797v,
uc2.ark+=13960=t4bp00701,11015947
uc2.ark+=13960=t4bp0cr28,
uc2.ark+=13960=t4mk68p78,10012885
uc2.ark+=13960=t4pk0949t,1005854
uc2.ark+=13960=t4sj1c662,22004914
uc2.ark+=13960=t4wh2fm7q,6014562
uc2.ark+=13960=t4zg6h979,18010794
uc2.ark+=13960=t52f7m354,6023318
uc2.ark+=13960=t59c6tb7t,e16000127
uc2.ark+=13960=t5gb24h5h,10013703
uc2.ark+=13960=t5j961z9t,
uc2.ark+=13960=t5j965970,42039991
uc2.ark+=13960=t5m905b2c,
uc2.ark+=13960=t5v69b880,
uc2.ark+=13960=t5x63ch8w,10032128
uc2.ark+=13960=t6154h42z,6403
uc2.ark+=13960=t6154j539,
uc2.ark+=13960=t6348j56j,
uc2.ark+=13960=t6542nv82,10013702
uc2.ark+=13960=t6n013f0s,
uc2.ark+=13960=t6tx3666d,
uc2.ark+=13960=t72v2fn32,
uc2.ark+=13960=t73t9g05j,1013208
uc2.ark+=13960=t73t9h556,
uc2.ark+=13960=t75t3hx3f,502
uc2.ark+=13960=t75t3j390,
uc2.ark+=13960=t7gq6st77,17024299
uc2.ark+=13960=t7kp7z924,3015245
uc2.ark+=13960=t7np1z11d,
uc2.ark+=13960=t7qn6341k,1025235
uc2.ark+=13960=t7rn3198j,8012571
uc2.ark+=13960=t7wm15g73,19014837
uc2.ark+=13960=t7wm1h02j,
uc2.ark+=13960=t7xk8636q,32025787
uc2.ark+=13960=t80k2fg27,9019150
uc2.ark+=13960=t8jd4rc4k,17025304
uc2.ark+=13960=t8tb10s2j,
uc2.ark+=13960=t8v981d4m,
uc2.ark+=13960=t8z895h4k,1604
uc2.ark+=13960=t9d50hv3k,10025851
uc2.ark+=13960=t9q23st1c,4024919
uc2.ark+=13960=t9t14w82w,4010729
uc2.ark+=13960=t9w095g7g,20016882
uc2.ark+=13960=t9z036g0v,16008265
uiuo.ark+=13960=t8tb11b3m,3012903
yale.39002088446423,12034529
yale.39002088677183,13001885
yale.39002088677225,
